{"train/loss": 1.1484, "train/grad_norm": 2.850642442703247, "train/learning_rate": 2.4489795918367347e-06, "train/epoch": 7.94, "train/global_step": 248, "_timestamp": 1711260379.1120794, "_runtime": 6091.416848421097, "_step": 82, "eval/loss": 2.3624014854431152, "eval/runtime": 1.2033, "eval/samples_per_second": 8.31, "eval/steps_per_second": 1.662, "train/train_runtime": 6121.2248, "train/train_samples_per_second": 0.653, "train/train_steps_per_second": 0.041, "train/total_flos": 4.045372616343552e+16, "train/train_loss": 1.6487354804431238}